Compounds,Functional_Used,Functional_Used_Abb,Functional_1,Functional_2,Basis_Set,Basis_Set_Part_1,Basis_Set_Part_2,Total_DFT_Energy (Ha),Total_DFT_Energy (kcal/mol),Thermal Correction to Enthalpy (kcal/mol),Corrected Enthalpy,Formation_Enthalpy,Formation_Energy,Deviation_STD,CPU Time,Wall Time,CPU_Time_Sum,Output_File_Path,Geometry_Angle,Bond_Length
H2,B3LYP_B3LYP,B3_B3,B3LYP,B3LYP,6-31+G*_6-31+G*,6-31+G*,6-31+G*,-1.175482411,-737.6187396,8.436,-729.1827396,,,,1,1.3,0,./B3LYP_B3LYP/6-31+G*_6-31+G*/H2/H2.nwout,,0.74279
N2,B3LYP_B3LYP,B3_B3,B3LYP,B3LYP,6-31+G*_6-31+G*,6-31+G*,6-31+G*,-109.5297803,-68730.26575,5.58,-68724.68575,,,,12,12.9,0,./B3LYP_B3LYP/6-31+G*_6-31+G*/N2/N2.nwout,,1.10512
NH3,B3LYP_B3LYP,B3_B3,B3LYP,B3LYP,6-31+G*_6-31+G*,6-31+G*,6-31+G*,-56.55698667,-35489.67881,24.042,-35465.63681,-9.519824031,-39.83094374,-13.31677097,18.6,19.4,33.6,./B3LYP_B3LYP/6-31+G*_6-31+G*/NH3/NH3.nwout,107.68,1.018
H2,B3LYP_B3LYP,B3_B3,B3LYP,B3LYP,6-31+G*_6-311+G*,6-31+G*,6-311+G*,-1.176631477,-738.339782,8.436,-729.903782,,0,-100,1.1,1.4,0,./B3LYP_B3LYP/6-31+G*_6-311+G*/H2/H2.nwout,,0.74279
N2,B3LYP_B3LYP,B3_B3,B3LYP,B3LYP,6-31+G*_6-311+G*,6-31+G*,6-311+G*,-109.5605642,-68749.58271,5.58,-68744.00271,,0,-100,11.8,12.4,0,./B3LYP_B3LYP/6-31+G*_6-311+G*/N2/N2.nwout,,1.10512
NH3,B3LYP_B3LYP,B3_B3,B3LYP,B3LYP,6-31+G*_6-311+G*,6-31+G*,6-311+G*,-56.57362868,-35500.12172,24.042,-35476.07972,-9.222687289,-38.58772362,-16.02236427,19.1,20,33.8,./B3LYP_B3LYP/6-31+G*_6-311+G*/NH3/NH3.nwout,107.68,1.018
H2,B3LYP_B3LYP,B3_B3,B3LYP,B3LYP,6-311+G*_6-31+G*,6-311+G*,6-31+G*,-1.175482072,-737.6185267,8.348,-729.2705267,,0,-100,1.2,1.5,0,./B3LYP_B3LYP/6-311+G*_6-31+G*/H2/H2.nwout,,0.74208
N2,B3LYP_B3LYP,B3_B3,B3LYP,B3LYP,6-311+G*_6-31+G*,6-311+G*,6-31+G*,-109.5295072,-68730.09436,5.562,-68724.53236,,0,-100,15.2,15.7,0,./B3LYP_B3LYP/6-311+G*_6-31+G*/N2/N2.nwout,,1.09544
NH3,B3LYP_B3LYP,B3_B3,B3LYP,B3LYP,6-311+G*_6-31+G*,6-311+G*,6-31+G*,-56.55694938,-35489.65541,24.152,-35465.50341,-9.331437412,-39.04273413,-15.03213465,28.5,29.5,46.7,./B3LYP_B3LYP/6-311+G*_6-31+G*/NH3/NH3.nwout,108,1.01399
H2,B3LYP_B3LYP,B3_B3,B3LYP,B3LYP,6-311+G*_6-311+G*,6-311+G*,6-311+G*,-1.176631978,-738.3400961,8.348,-729.9920961,,0,-100,1.2,1.5,0,./B3LYP_B3LYP/6-311+G*_6-311+G*/H2/H2.nwout,,0.74208
N2,B3LYP_B3LYP,B3_B3,B3LYP,B3LYP,6-311+G*_6-311+G*,6-311+G*,6-311+G*,-109.5608224,-68749.74476,5.562,-68744.18276,,0,-100,15.3,16,0,./B3LYP_B3LYP/6-311+G*_6-311+G*/N2/N2.nwout,,1.09544
NH3,B3LYP_B3LYP,B3_B3,B3LYP,B3LYP,6-311+G*_6-311+G*,6-311+G*,6-311+G*,-56.57366586,-35500.14505,24.152,-35475.99305,-8.913523095,-37.29418063,-18.83747415,27.9,28.6,46.1,./B3LYP_B3LYP/6-311+G*_6-311+G*/NH3/NH3.nwout,108,1.01399
H2,B3LYP_HFexch,B3_HF,B3LYP,HFexch,6-31+G*_6-31+G*,6-31+G*,6-31+G*,-1.126710107,-707.0139723,8.436,-698.5779723,,0,-100,1,1.3,0,./B3LYP_HFexch/6-31+G*_6-31+G*/H2/H2.nwout,,0.74279
N2,B3LYP_HFexch,B3_HF,B3LYP,HFexch,6-31+G*_6-31+G*,6-31+G*,6-31+G*,-108.9445818,-68363.05193,5.58,-68357.47193,,0,-100,11.6,12.4,0,./B3LYP_HFexch/6-31+G*_6-31+G*/N2/N2.nwout,,1.10512
NH3,B3LYP_HFexch,B3_HF,B3LYP,HFexch,6-31+G*_6-31+G*,6-31+G*,6-31+G*,-56.18885128,-35258.67275,24.042,-35234.63075,-8.027821984,-33.58840718,-26.90226947,18.1,18.9,32.6,./B3LYP_HFexch/6-31+G*_6-31+G*/NH3/NH3.nwout,107.68,1.018
H2,B3LYP_HFexch,B3_HF,B3LYP,HFexch,6-31+G*_6-311+G*,6-31+G*,6-311+G*,-1.127950476,-707.7923078,8.436,-699.3563078,,0,-100,1,1.3,0,./B3LYP_HFexch/6-31+G*_6-311+G*/H2/H2.nwout,,0.74279
N2,B3LYP_HFexch,B3_HF,B3LYP,HFexch,6-31+G*_6-311+G*,6-31+G*,6-311+G*,-108.9701888,-68379.12038,5.58,-68373.54038,,0,-100,11.8,12.9,0,./B3LYP_HFexch/6-31+G*_6-311+G*/N2/N2.nwout,,1.10512
NH3,B3LYP_HFexch,B3_HF,B3LYP,HFexch,6-31+G*_6-311+G*,6-31+G*,6-311+G*,-56.2040256,-35268.19468,24.042,-35244.15268,-8.348023902,-34.92813201,-23.98665504,18.6,20.2,34.4,./B3LYP_HFexch/6-31+G*_6-311+G*/NH3/NH3.nwout,107.68,1.018
H2,B3LYP_HFexch,B3_HF,B3LYP,HFexch,6-311+G*_6-31+G*,6-311+G*,6-31+G*,-1.126722636,-707.021834,8.348,-698.673834,,0,-100,1.1,1.4,0,./B3LYP_HFexch/6-311+G*_6-31+G*/H2/H2.nwout,,0.74208
N2,B3LYP_HFexch,B3_HF,B3LYP,HFexch,6-311+G*_6-31+G*,6-311+G*,6-31+G*,-108.9460015,-68363.94276,5.562,-68358.38076,,0,-100,16,17.3,0,./B3LYP_HFexch/6-311+G*_6-31+G*/N2/N2.nwout,,1.09544
NH3,B3LYP_HFexch,B3_HF,B3LYP,HFexch,6-311+G*_6-31+G*,6-311+G*,6-31+G*,-56.18912497,-35258.84449,24.152,-35234.69249,-7.491358276,-31.34384303,-31.78706631,28.8,30.1,48.8,./B3LYP_HFexch/6-311+G*_6-31+G*/NH3/NH3.nwout,108,1.01399
H2,B3LYP_HFexch,B3_HF,B3LYP,HFexch,6-311+G*_6-311+G*,6-311+G*,6-311+G*,-1.127961118,-707.7989852,8.348,-699.4509852,,0,-100,1.2,1.4,0,./B3LYP_HFexch/6-311+G*_6-311+G*/H2/H2.nwout,,0.74208
N2,B3LYP_HFexch,B3_HF,B3LYP,HFexch,6-311+G*_6-311+G*,6-311+G*,6-311+G*,-108.9720339,-68380.2782,5.562,-68374.7162,,0,-100,16,16.9,0,./B3LYP_HFexch/6-311+G*_6-311+G*/N2/N2.nwout,,1.09544
NH3,B3LYP_HFexch,B3_HF,B3LYP,HFexch,6-311+G*_6-311+G*,6-311+G*,6-311+G*,-56.20436705,-35268.40894,24.152,-35244.25694,-7.722362541,-32.31036487,-29.68364555,29.1,30.4,48.7,./B3LYP_HFexch/6-311+G*_6-311+G*/NH3/NH3.nwout,108,1.01399
H2,B3LYP_xpbe96 cpbe96,B3_PBE,B3LYP,xpbe96 cpbe96,6-31+G*_6-31+G*,6-31+G*,6-31+G*,-1.161938045,-729.1196092,8.436,-720.6836092,,0,-100,1,1.3,0,./B3LYP_xpbe96 cpbe96/6-31+G*_6-31+G*/H2/H2.nwout,,0.74279
N2,B3LYP_xpbe96 cpbe96,B3_PBE,B3LYP,xpbe96 cpbe96,6-31+G*_6-31+G*,6-31+G*,6-31+G*,-109.4109805,-68655.7185,5.58,-68650.1385,,0,-100,11.5,12.2,0,./B3LYP_xpbe96 cpbe96/6-31+G*_6-31+G*/N2/N2.nwout,,1.10512
NH3,B3LYP_xpbe96 cpbe96,B3_PBE,B3LYP,xpbe96 cpbe96,6-31+G*_6-31+G*,6-31+G*,6-31+G*,-56.48000547,-35441.37287,24.042,-35417.33087,-11.236209,-47.01229846,2.311857367,19.5,20.8,34.3,./B3LYP_xpbe96 cpbe96/6-31+G*_6-31+G*/NH3/NH3.nwout,107.68,1.018
H2,B3LYP_xpbe96 cpbe96,B3_PBE,B3LYP,xpbe96 cpbe96,6-31+G*_6-311+G*,6-31+G*,6-311+G*,-1.163119928,-729.8612443,8.436,-721.4252443,,0,-100,1.2,1.6,0,./B3LYP_xpbe96 cpbe96/6-31+G*_6-311+G*/H2/H2.nwout,,0.74279
N2,B3LYP_xpbe96 cpbe96,B3_PBE,B3LYP,xpbe96 cpbe96,6-31+G*_6-311+G*,6-31+G*,6-311+G*,-109.4408787,-68674.47972,5.58,-68668.89972,,0,-100,12.6,13.3,0,./B3LYP_xpbe96 cpbe96/6-31+G*_6-311+G*/N2/N2.nwout,,1.10512
NH3,B3LYP_xpbe96 cpbe96,B3_PBE,B3LYP,xpbe96 cpbe96,6-31+G*_6-311+G*,6-31+G*,6-311+G*,-56.49607611,-35451.45725,24.042,-35427.41525,-10.82751966,-45.30234227,-1.409483634,19.8,20.8,35.7,./B3LYP_xpbe96 cpbe96/6-31+G*_6-311+G*/NH3/NH3.nwout,107.68,1.018
H2,B3LYP_xpbe96 cpbe96,B3_PBE,B3LYP,xpbe96 cpbe96,6-311+G*_6-31+G*,6-311+G*,6-31+G*,-1.161930485,-729.1148654,8.348,-720.7668654,,0,-100,1.4,1.6,0,./B3LYP_xpbe96 cpbe96/6-311+G*_6-31+G*/H2/H2.nwout,,0.74208
N2,B3LYP_xpbe96 cpbe96,B3_PBE,B3LYP,xpbe96 cpbe96,6-311+G*_6-31+G*,6-311+G*,6-31+G*,-109.4101214,-68655.17941,5.562,-68649.61741,,0,-100,16,16.7,0,./B3LYP_xpbe96 cpbe96/6-311+G*_6-31+G*/N2/N2.nwout,,1.09544
NH3,B3LYP_xpbe96 cpbe96,B3_PBE,B3LYP,xpbe96 cpbe96,6-311+G*_6-31+G*,6-311+G*,6-31+G*,-56.47983127,-35441.26356,24.152,-35417.11156,-11.15256189,-46.66231896,1.550204483,28.7,29.9,48.2,./B3LYP_xpbe96 cpbe96/6-311+G*_6-31+G*/NH3/NH3.nwout,108,1.01399
H2,B3LYP_xpbe96 cpbe96,B3_PBE,B3LYP,xpbe96 cpbe96,6-311+G*_6-311+G*,6-311+G*,6-311+G*,-1.163112667,-729.8566878,8.348,-721.5086878,,0,-100,1.2,1.4,0,./B3LYP_xpbe96 cpbe96/6-311+G*_6-311+G*/H2/H2.nwout,,0.74208
N2,B3LYP_xpbe96 cpbe96,B3_PBE,B3LYP,xpbe96 cpbe96,6-311+G*_6-311+G*,6-311+G*,6-311+G*,-109.4405227,-68674.25634,5.562,-68668.69434,,0,-100,15.4,15.9,0,./B3LYP_xpbe96 cpbe96/6-311+G*_6-311+G*/N2/N2.nwout,,1.09544
NH3,B3LYP_xpbe96 cpbe96,B3_PBE,B3LYP,xpbe96 cpbe96,6-311+G*_6-311+G*,6-311+G*,6-311+G*,-56.49597235,-35451.39214,24.152,-35427.24014,-10.62993848,-44.4756626,-3.208568879,29.6,31.4,48.7,./B3LYP_xpbe96 cpbe96/6-311+G*_6-311+G*/NH3/NH3.nwout,108,1.01399
H2,HFexch_B3LYP,HF_B3,HFexch,B3LYP,6-31+G*_6-31+G*,6-31+G*,6-31+G*,-1.175368152,-737.5470413,8.712,-728.8350413,,0,-100,0.4,0.8,0,./HFexch_B3LYP/6-31+G*_6-31+G*/H2/H2.nwout,,
N2,HFexch_B3LYP,HF_B3,HFexch,B3LYP,6-31+G*_6-31+G*,6-31+G*,6-31+G*,-109.5275806,-68728.8854,6.006,-68722.8794,,0,-100,4.1,4.4,0,./HFexch_B3LYP/6-31+G*_6-31+G*/N2/N2.nwout,,
NH3,HFexch_B3LYP,HF_B3,HFexch,B3LYP,6-31+G*_6-31+G*,6-31+G*,6-31+G*,-56.55638503,-35489.30127,25.578,-35463.72327,-9.031011718,-37.78575303,-17.76767567,2.9,3.3,8.5,./HFexch_B3LYP/6-31+G*_6-31+G*/NH3/NH3.nwout,108.12,1.00204
H2,HFexch_B3LYP,HF_B3,HFexch,B3LYP,6-31+G*_6-311+G*,6-31+G*,6-311+G*,-1.176535825,-738.2797595,8.712,-729.5677595,,0,-100,0.5,0.7,0,./HFexch_B3LYP/6-31+G*_6-311+G*/H2/H2.nwout,,
N2,HFexch_B3LYP,HF_B3,HFexch,B3LYP,6-31+G*_6-311+G*,6-31+G*,6-311+G*,-109.5599515,-68749.19822,6.006,-68743.19222,,0,-100,4.9,5.5,0,./HFexch_B3LYP/6-31+G*_6-311+G*/N2/N2.nwout,,
NH3,HFexch_B3LYP,HF_B3,HFexch,B3LYP,6-31+G*_6-311+G*,6-31+G*,6-311+G*,-56.57331855,-35499.92711,25.578,-35474.34911,-8.401364636,-35.15130964,-23.50095835,2.8,3.2,9.4,./HFexch_B3LYP/6-31+G*_6-311+G*/NH3/NH3.nwout,108.12,1.00204
H2,HFexch_B3LYP,HF_B3,HFexch,B3LYP,6-311+G*_6-31+G*,6-311+G*,6-31+G*,-1.17539563,-737.5642841,8.616,-728.9482841,,0,-100,0.5,0.7,0,./HFexch_B3LYP/6-311+G*_6-31+G*/H2/H2.nwout,,
N2,HFexch_B3LYP,HF_B3,HFexch,B3LYP,6-311+G*_6-31+G*,6-311+G*,6-31+G*,-109.5260578,-68727.92984,5.975,-68721.95484,,0,-100,5.4,5.8,0,./HFexch_B3LYP/6-311+G*_6-31+G*/N2/N2.nwout,,
NH3,HFexch_B3LYP,HF_B3,HFexch,B3LYP,6-311+G*_6-31+G*,6-311+G*,6-31+G*,-56.55609566,-35489.1197,25.704,-35463.4157,-9.015850014,-37.72231646,-17.90573132,3.8,4.2,10.7,./HFexch_B3LYP/6-311+G*_6-31+G*/NH3/NH3.nwout,108.23,0.99864
H2,HFexch_B3LYP,HF_B3,HFexch,B3LYP,6-311+G*_6-311+G*,6-311+G*,6-311+G*,-1.176560528,-738.2952608,8.616,-729.6792608,0,0,-100,0.5,0.7,0,./HFexch_B3LYP/6-311+G*_6-311+G*/H2/H2.nwout,,
N2,HFexch_B3LYP,HF_B3,HFexch,B3LYP,6-311+G*_6-311+G*,6-311+G*,6-311+G*,-109.5589551,-68748.573,5.975,-68742.598,0,0,-100,5.5,6,0,./HFexch_B3LYP/6-311+G*_6-311+G*/N2/N2.nwout,,
NH3,HFexch_B3LYP,HF_B3,HFexch,B3LYP,6-311+G*_6-311+G*,6-311+G*,6-311+G*,-56.57309431,-35499.7864,25.704,-35474.0824,-8.264509758,-34.57870883,-24.74709721,4.7,5.5,12.2,./HFexch_B3LYP/6-311+G*_6-311+G*/NH3/NH3.nwout,108.23,0.99864
H2,HFexch_HFexch,HF_HF,HFexch,HFexch,6-31+G*_6-31+G*,6-31+G*,6-31+G*,-1.126827829,-707.0878432,8.712,-698.3758432,0,0,-100,0.3,0.8,0,./HFexch_HFexch/6-31+G*_6-31+G*/H2/H2.nwout,,
N2,HFexch_HFexch,HF_HF,HFexch,HFexch,6-31+G*_6-31+G*,6-31+G*,6-31+G*,-108.9470242,-68364.58453,6.006,-68358.57853,0,0,-100,3.6,4.2,0,./HFexch_HFexch/6-31+G*_6-31+G*/N2/N2.nwout,,
NH3,HFexch_HFexch,HF_HF,HFexch,HFexch,6-31+G*_6-31+G*,6-31+G*,6-31+G*,-56.1894995,-35259.0795,25.578,-35233.5015,-6.648474752,-27.81721836,-39.46198398,1.7,2.1,7.1,./HFexch_HFexch/6-31+G*_6-31+G*/NH3/NH3.nwout,108.12,1.00204
H2,HFexch_HFexch,HF_HF,HFexch,HFexch,6-31+G*_6-311+G*,6-31+G*,6-311+G*,-1.128036074,-707.8460208,8.712,-699.1340208,0,0,-100,0.4,0.6,0,./HFexch_HFexch/6-31+G*_6-311+G*/H2/H2.nwout,,
N2,HFexch_HFexch,HF_HF,HFexch,HFexch,6-31+G*_6-311+G*,6-31+G*,6-311+G*,-108.9739098,-68381.4553,6.006,-68375.4493,0,0,-100,3.6,4,0,./HFexch_HFexch/6-31+G*_6-311+G*/N2/N2.nwout,,
NH3,HFexch_HFexch,HF_HF,HFexch,HFexch,6-31+G*_6-311+G*,6-31+G*,6-311+G*,-56.20495274,-35268.77646,25.578,-35243.19846,-6.772780738,-28.33731461,-38.33010966,1.9,2.3,6.9,./HFexch_HFexch/6-31+G*_6-311+G*/NH3/NH3.nwout,108.12,1.00204
H2,HFexch_HFexch,HF_HF,HFexch,HFexch,6-311+G*_6-31+G*,6-311+G*,6-31+G*,-1.126825886,-707.0866236,8.616,-698.4706236,0,0,-100,0.4,0.7,0,./HFexch_HFexch/6-311+G*_6-31+G*/H2/H2.nwout,,
N2,HFexch_HFexch,HF_HF,HFexch,HFexch,6-311+G*_6-31+G*,6-311+G*,6-31+G*,-108.9468044,-68364.44658,5.975,-68358.47158,0,0,-100,5,5.6,0,./HFexch_HFexch/6-311+G*_6-31+G*/N2/N2.nwout,,
NH3,HFexch_HFexch,HF_HF,HFexch,HFexch,6-311+G*_6-31+G*,6-311+G*,6-31+G*,-56.18946909,-35259.06042,25.704,-35233.35642,-6.414695565,-26.83908624,-41.59067195,3.3,3.8,10.1,./HFexch_HFexch/6-311+G*_6-31+G*/NH3/NH3.nwout,108.23,0.99864
H2,HFexch_HFexch,HF_HF,HFexch,HFexch,6-311+G*_6-311+G*,6-311+G*,6-311+G*,-1.128037973,-707.8472122,8.616,-699.2312122,0,0,-100,0.4,0.5,0,./HFexch_HFexch/6-311+G*_6-311+G*/H2/H2.nwout,,
N2,HFexch_HFexch,HF_HF,HFexch,HFexch,6-311+G*_6-311+G*,6-311+G*,6-311+G*,-108.9741189,-68381.58652,5.975,-68375.61152,0,0,-100,5,5.4,0,./HFexch_HFexch/6-311+G*_6-311+G*/N2/N2.nwout,,
NH3,HFexch_HFexch,HF_HF,HFexch,HFexch,6-311+G*_6-311+G*,6-311+G*,6-311+G*,-56.20498328,-35268.79562,25.704,-35243.09162,-6.439044551,-26.9409624,-41.36896104,3.3,3.8,9.7,./HFexch_HFexch/6-311+G*_6-311+G*/NH3/NH3.nwout,108.23,0.99864
H2,HFexch_xpbe96 cpbe96,HF_PBE,HFexch,xpbe96 cpbe96,6-31+G*_6-31+G*,6-31+G*,6-31+G*,-1.161693129,-728.9659233,8.712,-720.2539233,0,0,-100,0.5,0.9,0,./HFexch_xpbe96 cpbe96/6-31+G*_6-31+G*/H2/H2.nwout,,
N2,HFexch_xpbe96 cpbe96,HF_PBE,HFexch,xpbe96 cpbe96,6-31+G*_6-31+G*,6-31+G*,6-31+G*,-109.4071522,-68653.31621,6.006,-68647.31021,0,0,-100,4.5,5.3,0,./HFexch_xpbe96 cpbe96/6-31+G*_6-31+G*/N2/N2.nwout,,
NH3,HFexch_xpbe96 cpbe96,HF_PBE,HFexch,xpbe96 cpbe96,6-31+G*_6-31+G*,6-31+G*,6-31+G*,-56.47887616,-35440.66423,25.578,-35415.08623,-11.05023868,-46.23419862,0.618495365,3.4,4.2,10.4,./HFexch_xpbe96 cpbe96/6-31+G*_6-31+G*/NH3/NH3.nwout,108.12,1.00204
H2,HFexch_xpbe96 cpbe96,HF_PBE,HFexch,xpbe96 cpbe96,6-31+G*_6-311+G*,6-31+G*,6-311+G*,-1.162883818,-729.7130845,8.712,-721.0010845,0,0,-100,0.5,0.9,0,./HFexch_xpbe96 cpbe96/6-31+G*_6-311+G*/H2/H2.nwout,,
N2,HFexch_xpbe96 cpbe96,HF_PBE,HFexch,xpbe96 cpbe96,6-31+G*_6-311+G*,6-31+G*,6-311+G*,-109.4385538,-68673.02085,6.006,-68667.01485,0,0,-100,4.6,5.4,0,./HFexch_xpbe96 cpbe96/6-31+G*_6-311+G*/N2/N2.nwout,,
NH3,HFexch_xpbe96 cpbe96,HF_PBE,HFexch,xpbe96 cpbe96,6-31+G*_6-311+G*,6-31+G*,6-311+G*,-56.49522128,-35450.92084,25.578,-35425.34284,-10.33378664,-43.23656332,-5.905194081,5.6,6.5,12.8,./HFexch_xpbe96 cpbe96/6-31+G*_6-311+G*/NH3/NH3.nwout,108.12,1.00204
H2,HFexch_xpbe96 cpbe96,HF_PBE,HFexch,xpbe96 cpbe96,6-311+G*_6-31+G*,6-311+G*,6-31+G*,-1.161737236,-728.993601,8.616,-720.377601,0,0,-100,0.5,0.8,0,./HFexch_xpbe96 cpbe96/6-311+G*_6-31+G*/H2/H2.nwout,,
N2,HFexch_xpbe96 cpbe96,HF_PBE,HFexch,xpbe96 cpbe96,6-311+G*_6-31+G*,6-311+G*,6-31+G*,-109.4051594,-68652.06574,5.975,-68646.09074,0,0,-100,6.1,7,0,./HFexch_xpbe96 cpbe96/6-311+G*_6-31+G*/N2/N2.nwout,,
NH3,HFexch_xpbe96 cpbe96,HF_PBE,HFexch,xpbe96 cpbe96,6-311+G*_6-31+G*,6-311+G*,6-31+G*,-56.47847436,-35440.41209,25.704,-35414.70809,-11.09632257,-46.42701365,1.038114581,3.9,4.4,12.2,./HFexch_xpbe96 cpbe96/6-311+G*_6-31+G*/NH3/NH3.nwout,108.23,0.99864
H2,HFexch_xpbe96 cpbe96,HF_PBE,HFexch,xpbe96 cpbe96,6-311+G*_6-311+G*,6-311+G*,6-311+G*,-1.1629264,-729.739805,8.616,-721.123805,0,0,-100,0.5,0.8,0,./HFexch_xpbe96 cpbe96/6-311+G*_6-311+G*/H2/H2.nwout,,
N2,HFexch_xpbe96 cpbe96,HF_PBE,HFexch,xpbe96 cpbe96,6-311+G*_6-311+G*,6-311+G*,6-311+G*,-109.4370603,-68672.08367,5.975,-68666.10867,0,0,-100,5.5,6,0,./HFexch_xpbe96 cpbe96/6-311+G*_6-311+G*/N2/N2.nwout,,
NH3,HFexch_xpbe96 cpbe96,HF_PBE,HFexch,xpbe96 cpbe96,6-311+G*_6-311+G*,6-311+G*,6-311+G*,-56.49488102,-35450.70732,25.704,-35425.00332,-10.26328283,-42.94157538,-6.547170011,3.9,4.3,11.1,./HFexch_xpbe96 cpbe96/6-311+G*_6-311+G*/NH3/NH3.nwout,108.23,0.99864
H2,xpbe96 cpbe96_B3LYP,PBE_B3,xpbe96 cpbe96,B3LYP,6-31+G*_6-31+G*,6-31+G*,6-31+G*,-1.175443239,-737.5941588,8.291,-729.3031588,0,0,-100,1.3,1.8,0,./xpbe96 cpbe96_B3LYP/6-31+G*_6-31+G*/H2/H2.nwout,,0.75047
N2,xpbe96 cpbe96_B3LYP,PBE_B3,xpbe96 cpbe96,B3LYP,6-31+G*_6-31+G*,6-31+G*,6-31+G*,-109.5294396,-68730.05191,5.443,-68724.60891,0,0,-100,12.1,12.9,0,./xpbe96 cpbe96_B3LYP/6-31+G*_6-31+G*/N2/N2.nwout,,1.1162
NH3,xpbe96 cpbe96_B3LYP,PBE_B3,xpbe96 cpbe96,B3LYP,6-31+G*_6-31+G*,6-31+G*,6-31+G*,-56.55685177,-35489.59416,23.573,-35466.02116,-9.761963588,-40.84405565,-11.11195724,21.7,22.6,37.3,./xpbe96 cpbe96_B3LYP/6-31+G*_6-31+G*/NH3/NH3.nwout,107.07,1.02575
H2,xpbe96 cpbe96_B3LYP,PBE_B3,xpbe96 cpbe96,B3LYP,6-31+G*_6-311+G*,6-31+G*,6-311+G*,-1.176584607,-738.3103708,8.291,-730.0193708,0,0,-100,1.2,1.6,0,./xpbe96 cpbe96_B3LYP/6-31+G*_6-311+G*/H2/H2.nwout,,0.75047
N2,xpbe96 cpbe96_B3LYP,PBE_B3,xpbe96 cpbe96,B3LYP,6-31+G*_6-311+G*,6-31+G*,6-311+G*,-109.5596648,-68749.01831,5.443,-68743.57531,0,0,-100,12.4,13.1,0,./xpbe96 cpbe96_B3LYP/6-31+G*_6-311+G*/N2/N2.nwout,,1.1162
NH3,xpbe96 cpbe96_B3LYP,PBE_B3,xpbe96 cpbe96,B3LYP,6-31+G*_6-311+G*,6-31+G*,6-311+G*,-56.57335431,-35499.94955,23.573,-35476.37655,-9.559838716,-39.99836519,-12.95241526,20.9,21.7,36.4,./xpbe96 cpbe96_B3LYP/6-31+G*_6-311+G*/NH3/NH3.nwout,107.07,1.02575
H2,xpbe96 cpbe96_B3LYP,PBE_B3,xpbe96 cpbe96,B3LYP,6-311+G*_6-31+G*,6-311+G*,6-31+G*,-1.175443932,-737.5945939,8.195,-729.3995939,0,0,-100,1.4,1.7,0,./xpbe96 cpbe96_B3LYP/6-311+G*_6-31+G*/H2/H2.nwout,,0.7504
N2,xpbe96 cpbe96_B3LYP,PBE_B3,xpbe96 cpbe96,B3LYP,6-311+G*_6-31+G*,6-311+G*,6-31+G*,-109.5297687,-68730.25847,5.427,-68724.83147,0,0,-100,15.8,16.4,0,./xpbe96 cpbe96_B3LYP/6-311+G*_6-31+G*/N2/N2.nwout,,1.10714
NH3,xpbe96 cpbe96_B3LYP,PBE_B3,xpbe96 cpbe96,B3LYP,6-311+G*_6-31+G*,6-311+G*,6-31+G*,-56.55695325,-35489.65784,23.675,-35465.98284,-9.467712562,-39.61290936,-13.79127452,26.3,27.3,45.4,./xpbe96 cpbe96_B3LYP/6-311+G*_6-31+G*/NH3/NH3.nwout,107.42,1.02187
H2,xpbe96 cpbe96_B3LYP,PBE_B3,xpbe96 cpbe96,B3LYP,6-311+G*_6-311+G*,6-311+G*,6-311+G*,-1.176585358,-738.3108421,8.195,-730.1158421,0,0,-100,1.5,1.9,0,./xpbe96 cpbe96_B3LYP/6-311+G*_6-311+G*/H2/H2.nwout,,0.7504
N2,xpbe96 cpbe96_B3LYP,PBE_B3,xpbe96 cpbe96,B3LYP,6-311+G*_6-311+G*,6-311+G*,6-311+G*,-109.5604469,-68749.50909,5.427,-68744.08209,0,0,-100,16.7,18,0,./xpbe96 cpbe96_B3LYP/6-311+G*_6-311+G*/N2/N2.nwout,,1.10714
NH3,xpbe96 cpbe96_B3LYP,PBE_B3,xpbe96 cpbe96,B3LYP,6-311+G*_6-311+G*,6-311+G*,6-311+G*,-56.57352572,-35500.05711,23.675,-35476.38211,-9.167300435,-38.35598502,-16.52669201,28.4,30.8,50.7,./xpbe96 cpbe96_B3LYP/6-311+G*_6-311+G*/NH3/NH3.nwout,107.42,1.02187
H2,xpbe96 cpbe96_HFexch,PBE_HF,xpbe96 cpbe96,HFexch,6-31+G*_6-31+G*,6-31+G*,6-31+G*,-1.126531963,-706.9021864,8.291,-698.6111864,0,0,-100,1.2,1.6,0,./xpbe96 cpbe96_HFexch/6-31+G*_6-31+G*/H2/H2.nwout,,0.75047
N2,xpbe96 cpbe96_HFexch,PBE_HF,xpbe96 cpbe96,HFexch,6-31+G*_6-31+G*,6-31+G*,6-31+G*,-108.9422736,-68361.60354,5.443,-68356.16054,0,0,-100,11.9,13.4,0,./xpbe96 cpbe96_HFexch/6-31+G*_6-31+G*/N2/N2.nwout,,1.1162
NH3,xpbe96 cpbe96_HFexch,PBE_HF,xpbe96 cpbe96,HFexch,6-31+G*_6-31+G*,6-31+G*,6-31+G*,-56.18810023,-35258.20146,23.573,-35234.62846,-8.631412413,-36.11382954,-21.40624692,22,22.9,37.9,./xpbe96 cpbe96_HFexch/6-31+G*_6-31+G*/NH3/NH3.nwout,107.07,1.02575
H2,xpbe96 cpbe96_HFexch,PBE_HF,xpbe96 cpbe96,HFexch,6-31+G*_6-311+G*,6-31+G*,6-311+G*,-1.127793438,-707.6937657,8.291,-699.4027657,0,0,-100,1.1,1.3,0,./xpbe96 cpbe96_HFexch/6-31+G*_6-311+G*/H2/H2.nwout,,0.75047
N2,xpbe96 cpbe96_HFexch,PBE_HF,xpbe96 cpbe96,HFexch,6-31+G*_6-311+G*,6-31+G*,6-311+G*,-108.9674364,-68377.39323,5.443,-68371.95023,0,0,-100,11.9,13.1,0,./xpbe96 cpbe96_HFexch/6-31+G*_6-311+G*/N2/N2.nwout,,1.1162
NH3,xpbe96 cpbe96_HFexch,PBE_HF,xpbe96 cpbe96,HFexch,6-31+G*_6-311+G*,6-31+G*,6-311+G*,-56.20314578,-35267.64258,23.573,-35244.06958,-8.990322667,-37.61551004,-18.13817184,20.4,21.4,35.8,./xpbe96 cpbe96_HFexch/6-31+G*_6-311+G*/NH3/NH3.nwout,107.07,1.02575
H2,xpbe96 cpbe96_HFexch,PBE_HF,xpbe96 cpbe96,HFexch,6-311+G*_6-31+G*,6-311+G*,6-31+G*,-1.126533903,-706.9034037,8.195,-698.7084037,0,0,-100,1.4,1.7,0,./xpbe96 cpbe96_HFexch/6-311+G*_6-31+G*/H2/H2.nwout,,0.7504
N2,xpbe96 cpbe96_HFexch,PBE_HF,xpbe96 cpbe96,HFexch,6-311+G*_6-31+G*,6-311+G*,6-31+G*,-108.9442137,-68362.82094,5.427,-68357.39394,0,0,-100,16.1,17,0,./xpbe96 cpbe96_HFexch/6-311+G*_6-31+G*/N2/N2.nwout,,1.10714
NH3,xpbe96 cpbe96_HFexch,PBE_HF,xpbe96 cpbe96,HFexch,6-311+G*_6-31+G*,6-311+G*,6-31+G*,-56.18851174,-35258.45968,23.675,-35234.78468,-8.025108152,-33.57705251,-26.92698039,26,27.2,45.9,./xpbe96 cpbe96_HFexch/6-311+G*_6-31+G*/NH3/NH3.nwout,107.42,1.02187
H2,xpbe96 cpbe96_HFexch,PBE_HF,xpbe96 cpbe96,HFexch,6-311+G*_6-311+G*,6-311+G*,6-311+G*,-1.127795183,-707.6948605,8.195,-699.4998605,0,0,-100,1.4,1.8,0,./xpbe96 cpbe96_HFexch/6-311+G*_6-311+G*/H2/H2.nwout,,0.7504
N2,xpbe96 cpbe96_HFexch,PBE_HF,xpbe96 cpbe96,HFexch,6-311+G*_6-311+G*,6-311+G*,6-311+G*,-108.9697364,-68378.83647,5.427,-68373.40947,0,0,-100,15.8,16.6,0,./xpbe96 cpbe96_HFexch/6-311+G*_6-311+G*/N2/N2.nwout,,1.10714
NH3,xpbe96 cpbe96_HFexch,PBE_HF,xpbe96 cpbe96,HFexch,6-311+G*_6-311+G*,6-311+G*,6-311+G*,-56.2036212,-35267.94091,23.675,-35244.26591,-8.311383943,-34.77483042,-24.320282,26.7,28.1,46.5,./xpbe96 cpbe96_HFexch/6-311+G*_6-311+G*/NH3/NH3.nwout,107.42,1.02187
H2,xpbe96 cpbe96_xpbe96 cpbe96,PBE_PBE,xpbe96 cpbe96,xpbe96 cpbe96,6-31+G*_6-31+G*,6-31+G*,6-31+G*,-1.16197666,-729.1438398,8.291,-720.8528398,0,0,-100,1.3,1.7,0,./xpbe96 cpbe96_xpbe96 cpbe96/6-31+G*_6-31+G*/H2/H2.nwout,,0.75047
N2,xpbe96 cpbe96_xpbe96 cpbe96,PBE_PBE,xpbe96 cpbe96,xpbe96 cpbe96,6-31+G*_6-31+G*,6-31+G*,6-31+G*,-109.4113102,-68655.9254,5.443,-68650.4824,0,0,-100,11.8,12.9,0,./xpbe96 cpbe96_xpbe96 cpbe96/6-31+G*_6-31+G*/N2/N2.nwout,,1.1162
NH3,xpbe96 cpbe96_xpbe96 cpbe96,PBE_PBE,xpbe96 cpbe96,xpbe96 cpbe96,6-31+G*_6-31+G*,6-31+G*,6-31+G*,-56.48013621,-35441.45491,23.573,-35417.88191,-11.36145322,-47.53632027,3.452274799,21.5,23,37.6,./xpbe96 cpbe96_xpbe96 cpbe96/6-31+G*_6-31+G*/NH3/NH3.nwout,107.07,1.02575
H2,xpbe96 cpbe96_xpbe96 cpbe96,PBE_PBE,xpbe96 cpbe96,xpbe96 cpbe96,6-31+G*_6-311+G*,6-31+G*,6-311+G*,-1.163156641,-729.8842818,8.291,-721.5932818,0,0,-100,1.2,1.5,0,./xpbe96 cpbe96_xpbe96 cpbe96/6-31+G*_6-311+G*/H2/H2.nwout,,0.75047
N2,xpbe96 cpbe96_xpbe96 cpbe96,PBE_PBE,xpbe96 cpbe96,xpbe96 cpbe96,6-31+G*_6-311+G*,6-31+G*,6-311+G*,-109.4406797,-68674.35485,5.443,-68668.91185,0,0,-100,12.3,13.1,0,./xpbe96 cpbe96_xpbe96 cpbe96/6-31+G*_6-311+G*/N2/N2.nwout,,1.1162
NH3,xpbe96 cpbe96_xpbe96 cpbe96,PBE_PBE,xpbe96 cpbe96,xpbe96 cpbe96,6-31+G*_6-311+G*,6-31+G*,6-311+G*,-56.49607538,-35451.45679,23.573,-35427.88379,-11.03794242,-46.1827511,0.50653123,23,24.8,39.4,./xpbe96 cpbe96_xpbe96 cpbe96/6-31+G*_6-311+G*/NH3/NH3.nwout,107.07,1.02575
H2,xpbe96 cpbe96_xpbe96 cpbe96,PBE_PBE,xpbe96 cpbe96,xpbe96 cpbe96,6-311+G*_6-31+G*,6-311+G*,6-31+G*,-1.161976657,-729.143838,8.195,-720.948838,0,0,-100,1.6,2,0,./xpbe96 cpbe96_xpbe96 cpbe96/6-311+G*_6-31+G*/H2/H2.nwout,,0.7504
N2,xpbe96 cpbe96_xpbe96 cpbe96,PBE_PBE,xpbe96 cpbe96,xpbe96 cpbe96,6-311+G*_6-31+G*,6-311+G*,6-31+G*,-109.4110912,-68655.78797,5.427,-68650.36097,0,0,-100,18.6,20.6,0,./xpbe96 cpbe96_xpbe96 cpbe96/6-311+G*_6-31+G*/N2/N2.nwout,,1.10714
NH3,xpbe96 cpbe96_xpbe96 cpbe96,PBE_PBE,xpbe96 cpbe96,xpbe96 cpbe96,6-311+G*_6-31+G*,6-311+G*,6-31+G*,-56.48010321,-35441.4342,23.675,-35417.7592,-11.15545812,-46.67443679,1.576576257,28.4,31.4,54,./xpbe96 cpbe96_xpbe96 cpbe96/6-311+G*_6-31+G*/NH3/NH3.nwout,107.42,1.02187
H2,xpbe96 cpbe96_xpbe96 cpbe96,PBE_PBE,xpbe96 cpbe96,xpbe96 cpbe96,6-311+G*_6-311+G*,6-311+G*,6-311+G*,-1.163156645,-729.8842841,8.195,-721.6892841,0,0,-100,1.5,1.8,0,./xpbe96 cpbe96_xpbe96 cpbe96/6-311+G*_6-311+G*/H2/H2.nwout,,0.7504
N2,xpbe96 cpbe96_xpbe96 cpbe96,PBE_PBE,xpbe96 cpbe96,xpbe96 cpbe96,6-311+G*_6-311+G*,6-311+G*,6-311+G*,-109.4408894,-68674.4864,5.427,-68669.0594,0,0,-100,16,17.3,0,./xpbe96 cpbe96_xpbe96 cpbe96/6-311+G*_6-311+G*/N2/N2.nwout,,1.10714
NH3,xpbe96 cpbe96_xpbe96 cpbe96,PBE_PBE,xpbe96 cpbe96,xpbe96 cpbe96,6-311+G*_6-311+G*,6-311+G*,6-311+G*,-56.49610831,-35451.47746,23.675,-35427.80246,-10.73883054,-44.93126697,-2.217046855,27.3,28.9,48,./xpbe96 cpbe96_xpbe96 cpbe96/6-311+G*_6-311+G*/NH3/NH3.nwout,107.42,1.02187